{
  "assetsByChunkName": {
    "vendors~app-account~app-confirmation~app-order": "chunk.74d5653e57cc768c7cfa.js",
    "vendors~app-account~app-checkout": "chunk.977dd652bba7c8e8c760.js",
    "vendors~app-cart~app-checkout": "chunk.2bfa90f5cd1883956892.js",
    "admin": [
      "admin.3a16910d5634f17f75d4.js",
      "admin.3a16910d5634f17f75d4.js.map"
    ],
    "app-account": "chunk.bcec7f2a00aa0aee334b.js",
    "app-checkout": "chunk.38b96891de211574b486.js",
    "app-confirmation": "chunk.5e73da8a0e403f3c3878.js",
    "checkout": [
      "checkout.d8c9dd76cc7d7d6824d7.js",
      "checkout.d8c9dd76cc7d7d6824d7.js.map"
    ],
    "storefront": [
      "storefront.fbcb5191650ab023229c.css",
      "storefront.1800ea2218c3c03532ac.js",
      "storefront.fbcb5191650ab023229c.css.map",
      "storefront.1800ea2218c3c03532ac.js.map"
    ],
    "vendors~app-cart": "chunk.3efe70d0acc43a1f227b.js",
    "vendors~app-order": "chunk.9fa8d910de1eb5dacd6d.js"
  }
}