{
  "title": "Sobre nós",
  "meta_title": "Sobre nós",
  "meta_description": "Sobre nós",
  "body": "![](/img/uploads/design-sem-nome-2024-08-29t145022.232.png)\n\nA ATP Moda Fitness nasceu de um sonho: o desejo de proporcionar aos amantes da prática de exercícios físicos e esportes mais do que apenas roupas para treinar. Surgiu da necessidade de oferecer produtos de qualidade, que acompanhem cada movimento e cada conquista. Acreditamos que a nossa moda fitness vai além de tendências; ela é uma extensão da nossa confiança, conforto e performance.\n\nNosso compromisso é com a durabilidade e o conforto, garantindo que cada peça de roupa ofereça segurança e apoio durante os treinos mais intensos. Aqui, entendemos que cada cliente tem sua própria jornada e desafios, e é por isso que buscamos criar produtos que não apenas atendam, mas superem as expectativas. Queremos ser parte das vitórias diárias, das superações e das transformações da vida de cada pessoa que usem a nossa marca.\n\nNa ATP Moda Fitness, cada detalhe é pensado para que nossos clientes possam treinar com a certeza de que estão usando o melhor. Estamos comprometidos em transformar sonhos em realidade, oferecendo uma linha de produtos que combina estilo, funcionalidade e qualidade. Junte-se a nós e sinta a diferença de treinar com conforto e segurança, porque acreditamos que você merece o melhor em cada passo da sua trajetória.",
  "sections": [
    {
      "type": "extra-page",
      "enabled": true
    },
    {
      "type": "collection-shelf",
      "shuffle": true,
      "limit": 12,
      "page": 1,
      "sort": "news",
      "title": "Conheça alguns dos nossos Modelos"
    }
  ]
}