{
  "meta_title": "",
  "meta_description": "",
  "sections": [
    {
      "type": "banner-slider",
      "autoplay": 9000,
      "slides": [
        {
          "start": "",
          "end": "",
          "img": "/img/uploads/frete-gratis.jpg",
          "mobile_img": "/img/uploads/frete-gratis-600-x-800-px-.jpg"
        }
      ],
      "full_width": true
    },
    {
      "type": "info-bar",
      "enabled": false
    },
    {
      "type": "collection-shelf",
      "shuffle": true,
      "collection_id": null,
      "limit": 12,
      "page": 1,
      "title": "LANÇAMENTOS DA ÚLTIMA COLEÇÃO",
      "sort": "news"
    },
    {
      "type": "collection-shelf",
      "shuffle": false,
      "limit": 24,
      "page": 1,
      "collection_id": "6565545a2cd6b65959c0401b:categories:Leggins:/leggins",
      "sort": "views",
      "title": "AS LEGGINS MAIS VENDIDAS"
    },
    {
      "type": "collection-shelf",
      "shuffle": false,
      "limit": 24,
      "page": 1,
      "collection_id": "65affa5a2cd6b659590f5712:brands:ATP SPORTS:/atp-sports",
      "sort": "views",
      "title": "OS MAIS VENDIDOS DA ATP SPORTS"
    },
    {
      "type": "custom-html",
      "html": "<span style=\"display: flex; justify-content: center\">SIGA NOSSO INSTAGRAM <a href=\"https://www.instagram.com/atpsports/\" target=\"_blank\"> @ATPSPORTS</a></span><div id=\"instagram-feed\" class=\"instagram_feed\"></div>\n"
    }
  ]
}