{
  "sections": [
    {
      "type": "breadcrumbs",
      "enabled": true
    },
    {
      "type": "product-block",
      "enabled": true
    },
    {
      "type": "product-description",
      "enabled": true
    },
    {
      "type": "product-specifications",
      "enabled": true
    },
    {
      "type": "collection-shelf",
      "shuffle": false,
      "limit": 12,
      "page": 1,
      "collection_id": "60490c0da735d032cbb762ec:categories:Femy:/femy-moda-feminina",
      "sort": "news",
      "title": "ÚLTIMOS LANÇAMENTOS EM NOSSA LOJA"
    }
  ]
}